section_id,label,sort_order,height_m,distance_m
A2-01,Section 1,1,0,0
A2-01,Section 1,1,0,1
A2-01,Section 1,1,0,2
A2-01,Section 1,1,0,3
A2-01,Section 1,1,0,4
A2-01,Section 1,1,0,5
A2-01,Section 1,1,0,6
A2-01,Section 1,1,0,7
A2-01,Section 1,1,0,8
A2-01,Section 1,1,0,9
A2-01,Section 1,1,0,10
A2-01,Section 1,1,0,11
A2-01,Section 1,1,0,12
A2-01,Section 1,1,0,13
A2-01,Section 1,1,0,14
A2-01,Section 1,1,0,15
A2-01,Section 1,1,0,16
A2-01,Section 1,1,0,17
A2-01,Section 1,1,0,18
A2-01,Section 1,1,0,19
A2-01,Section 1,1,0,20
A2-01,Section 1,1,0,21
A2-01,Section 1,1,0,22
A2-01,Section 1,1,0,23
A2-01,Section 1,1,0,24
A2-01,Section 1,1,0,25
A2-01,Section 1,1,0,26
A2-01,Section 1,1,0,27
A2-01,Section 1,1,0,28
A2-01,Section 1,1,0,29
A2-01,Section 1,1,0,30
A2-01,Section 1,1,0,31
A2-01,Section 1,1,0,32
A2-01,Section 1,1,13.38,33
A2-01,Section 1,1,13.27,34
A2-01,Section 1,1,13.16,35
A2-01,Section 1,1,13.1,36
A2-01,Section 1,1,12.87,37
A2-01,Section 1,1,12.77,38
A2-01,Section 1,1,12.56,39
A2-01,Section 1,1,12.41,40
A2-01,Section 1,1,12.34,41
A2-01,Section 1,1,12.17,42
A2-01,Section 1,1,12.09,43
A2-01,Section 1,1,12.03,44
A2-01,Section 1,1,11.94,45
A2-01,Section 1,1,11.61,46
A2-01,Section 1,1,11.43,47
A2-01,Section 1,1,11.36,48
A2-01,Section 1,1,11.35,49
A2-01,Section 1,1,11.24,50
A2-01,Section 1,1,11.13,51
A2-01,Section 1,1,11.07,52
A2-01,Section 1,1,10.96,53
A2-01,Section 1,1,10.92,54
A2-01,Section 1,1,9.78,55
A2-01,Section 1,1,9.11,56
A2-01,Section 1,1,9.25,57
A2-01,Section 1,1,8.87,58
A2-01,Section 1,1,8.14,59
A2-01,Section 1,1,7.73,60
A2-01,Section 1,1,6.89,61
A2-01,Section 1,1,6.44,62
A2-01,Section 1,1,6.21,63
A2-01,Section 1,1,5.91,64
A2-01,Section 1,1,5.36,65
A2-01,Section 1,1,4.23,66
A2-01,Section 1,1,3.31,67
A2-01,Section 1,1,3.44,68
A2-01,Section 1,1,3.45,69
A2-01,Section 1,1,3.75,70
A2-01,Section 1,1,3.85,71
A2-01,Section 1,1,3.72,72
A2-01,Section 1,1,3.38,73
A2-01,Section 1,1,3.14,74
A2-01,Section 1,1,3.13,75
A2-01,Section 1,1,3.24,76
A2-01,Section 1,1,3.3,77
A2-01,Section 1,1,3.21,78
A2-01,Section 1,1,3.67,79
A2-01,Section 1,1,4.01,80
A2-01,Section 1,1,3.72,81
A2-01,Section 1,1,3.53,82
A2-01,Section 1,1,3.06,83
A2-01,Section 1,1,2.67,84
A2-01,Section 1,1,2.13,85
A2-01,Section 1,1,1.76,86
A2-01,Section 1,1,0.77,87
A2-01,Section 1,1,0.75,88
A2-01,Section 1,1,0.74,89
A2-01,Section 1,1,0.66,90
A2-01,Section 1,1,0.63,91
A2-01,Section 1,1,0.6,92
A2-01,Section 1,1,0.58,93
A2-01,Section 1,1,0.53,94
A2-01,Section 1,1,0.5,95
A2-01,Section 1,1,0.48,96
A2-01,Section 1,1,0.42,97
A2-01,Section 1,1,0.37,98
A2-01,Section 1,1,0.33,99
A2-01,Section 1,1,0.29,100
A2-01,Section 1,1,0.26,101
A2-01,Section 1,1,0.22,102
A2-01,Section 1,1,0.18,103
A2-01,Section 1,1,0.15,104
A2-01,Section 1,1,0.09,105
A2-01,Section 1,1,0.05,106
A2-01,Section 1,1,0.01,107
A2-01,Section 1,1,0.01,108
A2-01,Section 1,1,-0.06,109
A2-01,Section 1,1,-0.08,110
A2-01,Section 1,1,-0.08,111
A2-01,Section 1,1,-0.12,112
A2-01,Section 1,1,-0.16,113
A2-01,Section 1,1,-0.22,114
A2-01,Section 1,1,-0.31,115
A2-01,Section 1,1,-0.34,116
A2-01,Section 1,1,-0.32,117
A2-01,Section 1,1,-0.36,118
A2-01,Section 1,1,-0.4,119
A2-01,Section 1,1,-0.34,120
A2-01,Section 1,1,-0.36,121
A2-01,Section 1,1,-0.38,122
A2-01,Section 1,1,-0.39,123
A2-01,Section 1,1,-0.41,124
A2-01,Section 1,1,-0.42,125
A2-01,Section 1,1,-0.44,126
A2-01,Section 1,1,-0.45,127
A2-01,Section 1,1,-0.48,128
A2-01,Section 1,1,-0.47,129
A2-01,Section 1,1,-0.49,130
A2-01,Section 1,1,-0.54,131
A2-01,Section 1,1,-0.59,132
A2-01,Section 1,1,-0.6,133
A2-01,Section 1,1,-0.63,134
A2-01,Section 1,1,-0.66,135
A2-01,Section 1,1,-0.67,136
A2-01,Section 1,1,-0.7,137
A2-01,Section 1,1,-0.72,138
A2-01,Section 1,1,-0.75,139
A2-01,Section 1,1,-0.78,140
A2-01,Section 1,1,-0.81,141
A2-01,Section 1,1,-0.81,142
A2-01,Section 1,1,-0.84,143
A2-01,Section 1,1,-0.84,144
A2-01,Section 1,1,-0.86,145
A2-01,Section 1,1,-0.88,146
A2-01,Section 1,1,-0.89,147
A2-01,Section 1,1,-0.91,148
A2-01,Section 1,1,-0.94,149
A2-01,Section 1,1,-0.93,150
A2-01,Section 1,1,-0.94,151
A2-01,Section 1,1,-0.97,152
A2-01,Section 1,1,-1,153
A2-01,Section 1,1,-1.04,154
A2-01,Section 1,1,-1.02,155
A2-01,Section 1,1,-0.85,156
A2-01,Section 1,1,-0.87,157
A2-01,Section 1,1,-0.99,158
A2-01,Section 1,1,-0.86,159
A2-01,Section 1,1,-0.9,160
A2-01,Section 1,1,-0.99,161
A2-01,Section 1,1,-0.95,162
A2-01,Section 1,1,-0.91,163
A2-01,Section 1,1,-0.96,164
A2-01,Section 1,1,-0.95,165
A2-01,Section 1,1,-1.04,166
A2-01,Section 1,1,-1.13,167
A2-01,Section 1,1,-1.18,168
A2-01,Section 1,1,-1.23,169
A2-01,Section 1,1,-1.19,170
A2-01,Section 1,1,-1.18,171
A2-01,Section 1,1,-1.24,172
A2-01,Section 1,1,-1.16,173
A2-01,Section 1,1,-1.16,174
A2-01,Section 1,1,-1.17,175
A2-01,Section 1,1,-1.2,176
A2-01,Section 1,1,-1.17,177
A2-01,Section 1,1,-1.23,178
A2-01,Section 1,1,-1.23,179
A2-01,Section 1,1,-1.31,180
A2-01,Section 1,1,-1.35,181
A2-01,Section 1,1,-1.26,182
A2-01,Section 1,1,-1.26,183
A2-01,Section 1,1,-1.3,184
A2-01,Section 1,1,-1.4,185
A2-01,Section 1,1,-1.4,186
A2-01,Section 1,1,-1.41,187
A2-01,Section 1,1,-1.42,188
A2-01,Section 1,1,-1.44,189
A2-01,Section 1,1,-1.43,190
A2-01,Section 1,1,-1.41,191
A2-01,Section 1,1,-1.44,192
A2-01,Section 1,1,-1.45,193
A2-01,Section 1,1,-1.43,194
A2-01,Section 1,1,-1.51,195
A2-01,Section 1,1,-1.58,196
A2-01,Section 1,1,-1.6,197
A2-01,Section 1,1,-1.55,198
A2-01,Section 1,1,-1.56,199
A2-01,Section 1,1,-1.58,200
A2-01,Section 1,1,-1.6,201
A2-01,Section 1,1,-1.62,202
A2-01,Section 1,1,-1.66,203
A2-01,Section 1,1,-1.61,204
A2-01,Section 1,1,-1.59,205
A2-01,Section 1,1,-1.66,206
A2-01,Section 1,1,-1.79,207
A2-01,Section 1,1,-1.76,208
A2-01,Section 1,1,-1.7,209
A2-01,Section 1,1,-1.73,210
A2-01,Section 1,1,-1.83,211
A2-01,Section 1,1,-1.86,212
A2-01,Section 1,1,-1.75,213
A2-01,Section 1,1,-1.77,214
A2-01,Section 1,1,-1.79,215
A2-01,Section 1,1,-1.84,216
A2-01,Section 1,1,-1.83,217
A2-01,Section 1,1,-1.87,218
A2-01,Section 1,1,-1.89,219
A2-01,Section 1,1,-1.96,220
A2-01,Section 1,1,-1.96,221
A2-01,Section 1,1,-1.99,222
A2-01,Section 1,1,-2.01,223
A2-01,Section 1,1,-2.05,224
A2-01,Section 1,1,-2.06,225
A2-01,Section 1,1,-2.11,226
A2-01,Section 1,1,-1.98,227
A2-01,Section 1,1,-1.92,228
A2-01,Section 1,1,-1.91,229
A2-01,Section 1,1,-2.08,230
A2-01,Section 1,1,-2.06,231
A2-01,Section 1,1,-2.07,232
A2-01,Section 1,1,-2.02,233
A2-01,Section 1,1,-2.07,234
A2-01,Section 1,1,-2,235
A2-01,Section 1,1,-1.95,236
A2-01,Section 1,1,-2,237
A2-01,Section 1,1,-2.09,238
A2-01,Section 1,1,-2.13,239
A2-01,Section 1,1,-2.12,240
A2-01,Section 1,1,-2.33,241
A2-01,Section 1,1,-2.34,242
A2-01,Section 1,1,-2.13,243
A2-01,Section 1,1,-2.12,244
A2-01,Section 1,1,-2.14,245
A2-01,Section 1,1,-2.18,246
A2-01,Section 1,1,-2.15,247
A2-01,Section 1,1,-2.11,248
A2-01,Section 1,1,-2.28,249
A2-01,Section 1,1,-2.24,250
A2-01,Section 1,1,-2.22,251
A2-01,Section 1,1,-2.31,252
A2-01,Section 1,1,-2.32,253
A2-01,Section 1,1,-2.26,254
A2-01,Section 1,1,-2.35,255
A2-01,Section 1,1,-2.35,256
A2-01,Section 1,1,-2.44,257
A2-01,Section 1,1,-2.55,258
A2-01,Section 1,1,-2.53,259
A2-01,Section 1,1,-2.61,260
A2-01,Section 1,1,-2.52,261
A2-01,Section 1,1,-2.54,262
A2-01,Section 1,1,-2.52,263
A2-01,Section 1,1,-2.54,264
A2-01,Section 1,1,-2.49,265
A2-01,Section 1,1,-2.65,266
A2-01,Section 1,1,-2.6,267
A2-01,Section 1,1,-2.58,268
A2-01,Section 1,1,-2.45,269
A2-01,Section 1,1,-2.46,270
A2-01,Section 1,1,-2.55,271
A2-01,Section 1,1,-2.6,272
A2-01,Section 1,1,-2.76,273
A2-01,Section 1,1,-2.66,274
A2-01,Section 1,1,-2.72,275
A2-01,Section 1,1,-2.71,276
A2-01,Section 1,1,-2.74,277
A2-01,Section 1,1,-2.65,278
A2-01,Section 1,1,-2.76,279
A2-01,Section 1,1,-2.63,280
A2-01,Section 1,1,-2.67,281
A2-01,Section 1,1,-2.74,282
A2-01,Section 1,1,-2.75,283
A2-01,Section 1,1,-2.76,284
A2-01,Section 1,1,-2.73,285
A2-01,Section 1,1,-2.82,286
A2-01,Section 1,1,-2.93,287
A2-01,Section 1,1,-2.95,288
A2-01,Section 1,1,-2.92,289
A2-01,Section 1,1,-2.92,290
A2-01,Section 1,1,-2.99,291
A2-01,Section 1,1,-3,292
A2-01,Section 1,1,-3,293
A2-01,Section 1,1,-3,294
A2-01,Section 1,1,-3,295
A2-01,Section 1,1,-3,296
A2-01,Section 1,1,-3,297
A2-01,Section 1,1,-3,298
A2-01,Section 1,1,-3,299
A2-01,Section 1,1,-3,300
A2-01,Section 1,1,-3,301
A2-01,Section 1,1,-3,302
A2-01,Section 1,1,-3,303
A2-01,Section 1,1,-3,304
A2-01,Section 1,1,-3,305
A2-01,Section 1,1,-3,306
A2-01,Section 1,1,-3,307
A2-01,Section 1,1,-3,308
A2-01,Section 1,1,-3,309
A2-01,Section 1,1,-3,310
A2-01,Section 1,1,-3,311
A2-01,Section 1,1,-3,312
A2-01,Section 1,1,-3,313
A2-01,Section 1,1,-3,314
A2-01,Section 1,1,-3,315
A2-01,Section 1,1,-3,316
A2-01,Section 1,1,-3,317
A2-01,Section 1,1,-3,318
A2-01,Section 1,1,-3,319
A2-01,Section 1,1,-3,320
A2-01,Section 1,1,-3,321
A2-01,Section 1,1,-3,322
A2-01,Section 1,1,-3,323
A2-01,Section 1,1,-3,324
A2-01,Section 1,1,-3,325
A2-01,Section 1,1,-3,326
A2-01,Section 1,1,-3,327
A2-01,Section 1,1,-3,328
A2-01,Section 1,1,-3,329
A2-01,Section 1,1,-3,330
A2-01,Section 1,1,-3,331
A2-01,Section 1,1,-3,332
A2-01,Section 1,1,-3,333
A2-01,Section 1,1,-3,334
A2-01,Section 1,1,-3,335
A2-01,Section 1,1,-3,336
A2-01,Section 1,1,-3,337
A2-01,Section 1,1,-3,338
A2-01,Section 1,1,-3,339
A2-01,Section 1,1,-3,340
A2-01,Section 1,1,-3,341
A2-01,Section 1,1,-3,342
A2-01,Section 1,1,-3,343
A2-01,Section 1,1,-3,344
A2-01,Section 1,1,-3,345
A2-01,Section 1,1,-3,346
A2-01,Section 1,1,-3,347
A2-01,Section 1,1,-3,348
A2-01,Section 1,1,-3,349
A2-01,Section 1,1,-3,350
A2-01,Section 1,1,-3,351
A2-01,Section 1,1,-3,352
A2-01,Section 1,1,-3,353
A2-01,Section 1,1,-3,354
A2-01,Section 1,1,-3,355
A2-01,Section 1,1,-3,356
A2-01,Section 1,1,-3,357
A2-01,Section 1,1,-3,358
A2-01,Section 1,1,-3,359
A2-01,Section 1,1,-3,360
A2-01,Section 1,1,-3,361
A2-01,Section 1,1,-3,362
A2-01,Section 1,1,-3,363
A2-01,Section 1,1,-3,364
A2-01,Section 1,1,-3,365
A2-01,Section 1,1,-3,366
A2-01,Section 1,1,-3,367
A2-01,Section 1,1,-3,368
A2-01,Section 1,1,-3,369
A2-01,Section 1,1,-3,370
A2-01,Section 1,1,-3,371
A2-01,Section 1,1,-3,372
A2-01,Section 1,1,-3,373
A2-01,Section 1,1,-3,374
A2-01,Section 1,1,-3,375
A2-01,Section 1,1,-3,376
A2-01,Section 1,1,-3,377
A2-01,Section 1,1,-3,378
A2-01,Section 1,1,-3,379
A2-01,Section 1,1,-3,380
A2-01,Section 1,1,-3,381
A2-01,Section 1,1,-3,382
A2-01,Section 1,1,-3,383
A2-01,Section 1,1,-3,384
A2-01,Section 1,1,-3,385
A2-01,Section 1,1,-3,386
A2-01,Section 1,1,-3,387
A2-01,Section 1,1,-3,388
A2-01,Section 1,1,-3,389
A2-01,Section 1,1,-3,390
A2-01,Section 1,1,-3,391
A2-01,Section 1,1,-3,392
A2-01,Section 1,1,-3,393
A2-01,Section 1,1,-3,394
A2-01,Section 1,1,-3,395
A2-01,Section 1,1,0,396
A2-01,Section 1,1,0,397
A2-01,Section 1,1,0,398
A2-01,Section 1,1,0,399
A2-01,Section 1,1,0,400
A2-01,Section 1,1,0,401
A2-01,Section 1,1,0,402
A2-01,Section 1,1,0,403
A2-01,Section 1,1,0,404
A2-01,Section 1,1,0,405
A2-01,Section 1,1,0,406
A2-01,Section 1,1,0,407
A2-01,Section 1,1,0,408
A2-01,Section 1,1,0,409
A2-01,Section 1,1,0,410
A2-01,Section 1,1,0,411
A2-01,Section 1,1,0,412
A2-01,Section 1,1,0,413
A2-01,Section 1,1,0,414
A2-01,Section 1,1,0,415
A2-01,Section 1,1,0,416
A2-01,Section 1,1,0,417
A2-01,Section 1,1,0,418
A2-01,Section 1,1,0,419
A2-01,Section 1,1,0,420
A2-01,Section 1,1,0,421
A2-01,Section 1,1,0,422
A2-01,Section 1,1,0,423
A2-01,Section 1,1,0,424
A2-01,Section 1,1,0,425
A2-01,Section 1,1,0,426
A2-01,Section 1,1,0,427
A2-01,Section 1,1,0,428
A2-01,Section 1,1,0,429
A2-01,Section 1,1,0,430
A2-01,Section 1,1,0,431
A2-01,Section 1,1,0,432
A2-01,Section 1,1,0,433
A2-01,Section 1,1,0,434
A2-01,Section 1,1,0,435
A2-01,Section 1,1,0,436
A2-01,Section 1,1,0,437
A2-01,Section 1,1,0,438
A2-01,Section 1,1,0,439
A2-01,Section 1,1,0,440
A2-01,Section 1,1,0,441
A2-01,Section 1,1,0,442
A2-01,Section 1,1,0,443
A2-01,Section 1,1,0,444
A2-01,Section 1,1,0,445
A2-01,Section 1,1,0,446
A2-01,Section 1,1,0,447
A2-01,Section 1,1,0,448
A2-01,Section 1,1,0,449
A2-01,Section 1,1,0,450
A2-01,Section 1,1,0,451
A2-01,Section 1,1,0,452
A2-01,Section 1,1,0,453
A2-01,Section 1,1,0,454
A2-01,Section 1,1,0,455
A2-01,Section 1,1,0,456
A2-01,Section 1,1,0,457
A2-01,Section 1,1,0,458
A2-01,Section 1,1,0,459
A2-01,Section 1,1,0,460
A2-01,Section 1,1,0,461
A2-01,Section 1,1,0,462
A2-01,Section 1,1,0,463
A2-01,Section 1,1,0,464
A2-01,Section 1,1,0,465
A2-01,Section 1,1,0,466
A2-01,Section 1,1,0,467
A2-01,Section 1,1,0,468
A2-01,Section 1,1,0,469
A2-01,Section 1,1,0,470
A2-01,Section 1,1,0,471
A2-01,Section 1,1,0,472
A2-01,Section 1,1,0,473
A2-01,Section 1,1,0,474
A2-01,Section 1,1,0,475
A2-01,Section 1,1,0,476
A2-01,Section 1,1,0,477
A2-01,Section 1,1,0,478
A2-01,Section 1,1,0,479
A2-01,Section 1,1,0,480
A2-01,Section 1,1,0,481
A2-01,Section 1,1,0,482
A2-01,Section 1,1,0,483
A2-01,Section 1,1,0,484
A2-01,Section 1,1,0,485
A2-01,Section 1,1,0,486
A2-01,Section 1,1,0,487
A2-01,Section 1,1,0,488
A2-01,Section 1,1,0,489
A2-01,Section 1,1,0,490
A2-01,Section 1,1,0,491
A2-01,Section 1,1,0,492
A2-01,Section 1,1,0,493
A2-01,Section 1,1,0,494
A2-01,Section 1,1,0,495
A2-01,Section 1,1,0,496
A2-01,Section 1,1,0,497
A2-01,Section 1,1,0,498
A2-01,Section 1,1,0,499
A2-01,Section 1,1,0,500
A2-01,Section 1,1,0,501
A2-01,Section 1,1,0,502
A2-01,Section 1,1,0,503
A2-01,Section 1,1,0,504
A2-01,Section 1,1,0,505
A2-01,Section 1,1,0,506
A2-01,Section 1,1,0,507
A2-01,Section 1,1,0,508
A2-01,Section 1,1,0,509
A2-01,Section 1,1,0,510
A2-01,Section 1,1,0,511
A2-01,Section 1,1,0,512
A2-01,Section 1,1,0,513
A2-01,Section 1,1,0,514
A2-01,Section 1,1,0,515
A2-01,Section 1,1,0,516
A2-01,Section 1,1,0,517
A2-01,Section 1,1,0,518
A2-01,Section 1,1,0,519
A2-01,Section 1,1,0,520
A2-01,Section 1,1,0,521
A2-01,Section 1,1,0,522
A2-01,Section 1,1,0,523
A2-01,Section 1,1,0,524
A2-01,Section 1,1,0,525
A2-01,Section 1,1,0,526
A2-01,Section 1,1,0,527
A2-01,Section 1,1,0,528
A2-01,Section 1,1,0,529
A2-01,Section 1,1,0,530
A2-01,Section 1,1,0,531
A2-01,Section 1,1,0,532
A2-01,Section 1,1,0,533
A2-01,Section 1,1,0,534
A2-01,Section 1,1,0,535
A2-01,Section 1,1,0,536
A2-01,Section 1,1,0,537
A2-01,Section 1,1,0,538
A2-01,Section 1,1,0,539
A2-01,Section 1,1,0,540
A2-01,Section 1,1,0,541
A2-01,Section 1,1,0,542
A2-01,Section 1,1,0,543
A2-01,Section 1,1,0,544
A2-01,Section 1,1,0,545
A2-01,Section 1,1,0,546
A2-01,Section 1,1,0,547
A2-01,Section 1,1,0,548
A2-01,Section 1,1,0,549
A2-01,Section 1,1,0,550
A2-01,Section 1,1,0,551
A2-01,Section 1,1,0,552
A2-01,Section 1,1,0,553
A2-01,Section 1,1,0,554
A2-01,Section 1,1,0,555
A2-01,Section 1,1,0,556
A2-01,Section 1,1,0,557
A2-01,Section 1,1,0,558
A2-01,Section 1,1,0,559
A2-01,Section 1,1,0,560
A2-01,Section 1,1,0,561
A2-01,Section 1,1,0,562
A2-01,Section 1,1,0,563
A2-01,Section 1,1,0,564
A2-01,Section 1,1,0,565
A2-01,Section 1,1,0,566
A2-01,Section 1,1,0,567
A2-01,Section 1,1,0,568
A2-01,Section 1,1,0,569
A2-01,Section 1,1,0,570
A2-01,Section 1,1,0,571
A2-01,Section 1,1,0,572
A2-01,Section 1,1,0,573
A2-01,Section 1,1,0,574
A2-01,Section 1,1,0,575
A2-01,Section 1,1,0,576
A2-01,Section 1,1,0,577
A2-01,Section 1,1,0,578
A2-01,Section 1,1,0,579
A2-01,Section 1,1,0,580
A2-01,Section 1,1,0,581
A2-01,Section 1,1,0,582
A2-01,Section 1,1,0,583
A2-01,Section 1,1,0,584
A2-01,Section 1,1,0,585
A2-01,Section 1,1,0,586
A2-01,Section 1,1,0,587
A2-01,Section 1,1,0,588
A2-01,Section 1,1,0,589
A2-01,Section 1,1,0,590
A2-01,Section 1,1,0,591
A2-01,Section 1,1,0,592
A2-01,Section 1,1,0,593
A2-01,Section 1,1,0,594
A2-01,Section 1,1,0,595
A2-01,Section 1,1,0,596
A2-01,Section 1,1,0,597
A2-01,Section 1,1,0,598
A2-01,Section 1,1,0,599
A2-01,Section 1,1,0,600
A2-01,Section 1,1,0,601
A2-01,Section 1,1,0,602
A2-01,Section 1,1,0,603
A2-01,Section 1,1,0,604
A2-01,Section 1,1,0,605
A2-01,Section 1,1,0,606
A2-01,Section 1,1,0,607
A2-01,Section 1,1,0,608
A2-01,Section 1,1,0,609
A2-01,Section 1,1,0,610
A2-01,Section 1,1,0,611
A2-01,Section 1,1,0,612
A2-01,Section 1,1,0,613
A2-01,Section 1,1,0,614
A2-01,Section 1,1,0,615
A2-01,Section 1,1,0,616
A2-01,Section 1,1,0,617
A2-01,Section 1,1,0,618
A2-01,Section 1,1,0,619
A2-01,Section 1,1,0,620
A2-01,Section 1,1,0,621
A2-01,Section 1,1,0,622
A2-01,Section 1,1,0,623
A2-01,Section 1,1,0,624
A2-01,Section 1,1,0,625
A2-01,Section 1,1,0,626
A2-01,Section 1,1,0,627
A2-01,Section 1,1,0,628
A2-01,Section 1,1,0,629
A2-01,Section 1,1,0,630
A2-01,Section 1,1,0,631
A2-01,Section 1,1,0,632
A2-01,Section 1,1,0,633
A2-01,Section 1,1,0,634
A2-01,Section 1,1,0,635
A2-01,Section 1,1,0,636
A2-01,Section 1,1,0,637
A2-01,Section 1,1,0,638
A2-01,Section 1,1,0,639
A2-01,Section 1,1,0,640
A2-01,Section 1,1,0,641
A2-01,Section 1,1,0,642
A2-01,Section 1,1,0,643
A2-01,Section 1,1,0,644
A2-01,Section 1,1,0,645
A2-01,Section 1,1,0,646
A2-01,Section 1,1,0,647
A2-01,Section 1,1,0,648
A2-01,Section 1,1,0,649
A2-01,Section 1,1,0,650
A2-01,Section 1,1,0,651
A2-01,Section 1,1,0,652
A2-01,Section 1,1,0,653
A2-01,Section 1,1,0,654
A2-01,Section 1,1,0,655
A2-01,Section 1,1,0,656
A2-01,Section 1,1,0,657
A2-01,Section 1,1,0,658
A2-01,Section 1,1,0,659
A2-01,Section 1,1,0,660
A2-01,Section 1,1,0,661
A2-02,Section 2,2,0,0
A2-02,Section 2,2,0,1
A2-02,Section 2,2,0,2
A2-02,Section 2,2,0,3
A2-02,Section 2,2,0,4
A2-02,Section 2,2,0,5
A2-02,Section 2,2,0,6
A2-02,Section 2,2,0,7
A2-02,Section 2,2,0,8
A2-02,Section 2,2,0,9
A2-02,Section 2,2,0,10
A2-02,Section 2,2,0,11
A2-02,Section 2,2,0,12
A2-02,Section 2,2,0,13
A2-02,Section 2,2,0,14
A2-02,Section 2,2,0,15
A2-02,Section 2,2,9.42,16
A2-02,Section 2,2,9.3,17
A2-02,Section 2,2,9.09,18
A2-02,Section 2,2,9.1,19
A2-02,Section 2,2,9.1,20
A2-02,Section 2,2,9.98,21
A2-02,Section 2,2,11.42,22
A2-02,Section 2,2,10.89,23
A2-02,Section 2,2,10.39,24
A2-02,Section 2,2,10.01,25
A2-02,Section 2,2,9.98,26
A2-02,Section 2,2,10.72,27
A2-02,Section 2,2,10.25,28
A2-02,Section 2,2,9.69,29
A2-02,Section 2,2,9.99,30
A2-02,Section 2,2,9.96,31
A2-02,Section 2,2,9.83,32
A2-02,Section 2,2,9.77,33
A2-02,Section 2,2,9.62,34
A2-02,Section 2,2,9.31,35
A2-02,Section 2,2,8.74,36
A2-02,Section 2,2,9.19,37
A2-02,Section 2,2,9.21,38
A2-02,Section 2,2,9.12,39
A2-02,Section 2,2,9.13,40
A2-02,Section 2,2,9.01,41
A2-02,Section 2,2,8.97,42
A2-02,Section 2,2,8.79,43
A2-02,Section 2,2,8.44,44
A2-02,Section 2,2,7.93,45
A2-02,Section 2,2,7.66,46
A2-02,Section 2,2,7.37,47
A2-02,Section 2,2,7.19,48
A2-02,Section 2,2,7.14,49
A2-02,Section 2,2,6.85,50
A2-02,Section 2,2,7.02,51
A2-02,Section 2,2,7.13,52
A2-02,Section 2,2,7.37,53
A2-02,Section 2,2,6.68,54
A2-02,Section 2,2,6.3,55
A2-02,Section 2,2,5.66,56
A2-02,Section 2,2,5.09,57
A2-02,Section 2,2,4.97,58
A2-02,Section 2,2,4.83,59
A2-02,Section 2,2,4.73,60
A2-02,Section 2,2,4.63,61
A2-02,Section 2,2,4.55,62
A2-02,Section 2,2,4.48,63
A2-02,Section 2,2,4.39,64
A2-02,Section 2,2,4.31,65
A2-02,Section 2,2,4.25,66
A2-02,Section 2,2,4.2,67
A2-02,Section 2,2,4.13,68
A2-02,Section 2,2,4.04,69
A2-02,Section 2,2,3.96,70
A2-02,Section 2,2,3.88,71
A2-02,Section 2,2,3.8,72
A2-02,Section 2,2,3.74,73
A2-02,Section 2,2,3.65,74
A2-02,Section 2,2,3.58,75
A2-02,Section 2,2,3.52,76
A2-02,Section 2,2,3.47,77
A2-02,Section 2,2,3.39,78
A2-02,Section 2,2,3.33,79
A2-02,Section 2,2,3.27,80
A2-02,Section 2,2,3.21,81
A2-02,Section 2,2,3.14,82
A2-02,Section 2,2,3.1,83
A2-02,Section 2,2,3.03,84
A2-02,Section 2,2,2.95,85
A2-02,Section 2,2,2.89,86
A2-02,Section 2,2,2.84,87
A2-02,Section 2,2,2.78,88
A2-02,Section 2,2,2.72,89
A2-02,Section 2,2,2.68,90
A2-02,Section 2,2,2.63,91
A2-02,Section 2,2,2.58,92
A2-02,Section 2,2,2.54,93
A2-02,Section 2,2,2.5,94
A2-02,Section 2,2,2.47,95
A2-02,Section 2,2,2.44,96
A2-02,Section 2,2,2.4,97
A2-02,Section 2,2,2.37,98
A2-02,Section 2,2,2.34,99
A2-02,Section 2,2,2.3,100
A2-02,Section 2,2,2.26,101
A2-02,Section 2,2,2.25,102
A2-02,Section 2,2,2.22,103
A2-02,Section 2,2,2.2,104
A2-02,Section 2,2,2.18,105
A2-02,Section 2,2,2.15,106
A2-02,Section 2,2,2.11,107
A2-02,Section 2,2,2.09,108
A2-02,Section 2,2,2.06,109
A2-02,Section 2,2,2.06,110
A2-02,Section 2,2,2.04,111
A2-02,Section 2,2,2,112
A2-02,Section 2,2,1.98,113
A2-02,Section 2,2,1.96,114
A2-02,Section 2,2,1.94,115
A2-02,Section 2,2,1.93,116
A2-02,Section 2,2,1.91,117
A2-02,Section 2,2,1.92,118
A2-02,Section 2,2,1.89,119
A2-02,Section 2,2,1.85,120
A2-02,Section 2,2,1.84,121
A2-02,Section 2,2,1.82,122
A2-02,Section 2,2,1.81,123
A2-02,Section 2,2,1.8,124
A2-02,Section 2,2,1.78,125
A2-02,Section 2,2,1.76,126
A2-02,Section 2,2,1.76,127
A2-02,Section 2,2,1.73,128
A2-02,Section 2,2,1.7,129
A2-02,Section 2,2,1.69,130
A2-02,Section 2,2,1.67,131
A2-02,Section 2,2,1.65,132
A2-02,Section 2,2,1.65,133
A2-02,Section 2,2,1.62,134
A2-02,Section 2,2,1.61,135
A2-02,Section 2,2,1.59,136
A2-02,Section 2,2,1.58,137
A2-02,Section 2,2,1.56,138
A2-02,Section 2,2,1.54,139
A2-02,Section 2,2,1.53,140
A2-02,Section 2,2,1.5,141
A2-02,Section 2,2,1.47,142
A2-02,Section 2,2,1.45,143
A2-02,Section 2,2,1.44,144
A2-02,Section 2,2,1.43,145
A2-02,Section 2,2,1.41,146
A2-02,Section 2,2,1.39,147
A2-02,Section 2,2,1.37,148
A2-02,Section 2,2,1.35,149
A2-02,Section 2,2,1.33,150
A2-02,Section 2,2,1.31,151
A2-02,Section 2,2,1.29,152
A2-02,Section 2,2,1.26,153
A2-02,Section 2,2,1.26,154
A2-02,Section 2,2,1.23,155
A2-02,Section 2,2,1.21,156
A2-02,Section 2,2,1.21,157
A2-02,Section 2,2,1.18,158
A2-02,Section 2,2,1.16,159
A2-02,Section 2,2,1.14,160
A2-02,Section 2,2,1.14,161
A2-02,Section 2,2,1.11,162
A2-02,Section 2,2,1.1,163
A2-02,Section 2,2,1.07,164
A2-02,Section 2,2,1.07,165
A2-02,Section 2,2,1.04,166
A2-02,Section 2,2,1.03,167
A2-02,Section 2,2,1.02,168
A2-02,Section 2,2,1,169
A2-02,Section 2,2,0.97,170
A2-02,Section 2,2,0.97,171
A2-02,Section 2,2,0.94,172
A2-02,Section 2,2,0.93,173
A2-02,Section 2,2,0.92,174
A2-02,Section 2,2,0.89,175
A2-02,Section 2,2,0.89,176
A2-02,Section 2,2,0.86,177
A2-02,Section 2,2,0.85,178
A2-02,Section 2,2,0.85,179
A2-02,Section 2,2,0.83,180
A2-02,Section 2,2,0.81,181
A2-02,Section 2,2,0.79,182
A2-02,Section 2,2,0.78,183
A2-02,Section 2,2,0.78,184
A2-02,Section 2,2,0.75,185
A2-02,Section 2,2,0.74,186
A2-02,Section 2,2,0.73,187
A2-02,Section 2,2,0.7,188
A2-02,Section 2,2,0.69,189
A2-02,Section 2,2,0.68,190
A2-02,Section 2,2,0.66,191
A2-02,Section 2,2,0.64,192
A2-02,Section 2,2,0.63,193
A2-02,Section 2,2,0.61,194
A2-02,Section 2,2,0.58,195
A2-02,Section 2,2,0.57,196
A2-02,Section 2,2,0.55,197
A2-02,Section 2,2,0.54,198
A2-02,Section 2,2,0.52,199
A2-02,Section 2,2,0.51,200
A2-02,Section 2,2,0.48,201
A2-02,Section 2,2,0.48,202
A2-02,Section 2,2,0.45,203
A2-02,Section 2,2,0.42,204
A2-02,Section 2,2,0.41,205
A2-02,Section 2,2,0.39,206
A2-02,Section 2,2,0.37,207
A2-02,Section 2,2,0.34,208
A2-02,Section 2,2,0.34,209
A2-02,Section 2,2,0.32,210
A2-02,Section 2,2,0.31,211
A2-02,Section 2,2,0.3,212
A2-02,Section 2,2,0.28,213
A2-02,Section 2,2,0.27,214
A2-02,Section 2,2,0.25,215
A2-02,Section 2,2,0.23,216
A2-02,Section 2,2,0.22,217
A2-02,Section 2,2,0.19,218
A2-02,Section 2,2,0.17,219
A2-02,Section 2,2,0.16,220
A2-02,Section 2,2,0.15,221
A2-02,Section 2,2,0.13,222
A2-02,Section 2,2,0.11,223
A2-02,Section 2,2,0.09,224
A2-02,Section 2,2,0.06,225
A2-02,Section 2,2,0.05,226
A2-02,Section 2,2,0.03,227
A2-02,Section 2,2,0.01,228
A2-02,Section 2,2,-0.01,229
A2-02,Section 2,2,-0.03,230
A2-02,Section 2,2,-0.05,231
A2-02,Section 2,2,-0.07,232
A2-02,Section 2,2,-0.08,233
A2-02,Section 2,2,-0.1,234
A2-02,Section 2,2,-0.12,235
A2-02,Section 2,2,-0.13,236
A2-02,Section 2,2,-0.15,237
A2-02,Section 2,2,-0.17,238
A2-02,Section 2,2,-0.18,239
A2-02,Section 2,2,-0.19,240
A2-02,Section 2,2,-0.21,241
A2-02,Section 2,2,-0.23,242
A2-02,Section 2,2,-0.25,243
A2-02,Section 2,2,-0.26,244
A2-02,Section 2,2,-0.26,245
A2-02,Section 2,2,-0.28,246
A2-02,Section 2,2,-0.31,247
A2-02,Section 2,2,-0.32,248
A2-02,Section 2,2,-0.35,249
A2-02,Section 2,2,-0.36,250
A2-02,Section 2,2,-0.38,251
A2-02,Section 2,2,-0.39,252
A2-02,Section 2,2,-0.42,253
A2-02,Section 2,2,-0.44,254
A2-02,Section 2,2,-0.45,255
A2-02,Section 2,2,-0.47,256
A2-02,Section 2,2,-0.47,257
A2-02,Section 2,2,-0.49,258
A2-02,Section 2,2,-0.51,259
A2-02,Section 2,2,-0.52,260
A2-02,Section 2,2,-0.52,261
A2-02,Section 2,2,-0.55,262
A2-02,Section 2,2,-0.58,263
A2-02,Section 2,2,-0.59,264
A2-02,Section 2,2,-0.6,265
A2-02,Section 2,2,-0.62,266
A2-02,Section 2,2,-0.65,267
A2-02,Section 2,2,-0.67,268
A2-02,Section 2,2,-0.68,269
A2-02,Section 2,2,-0.69,270
A2-02,Section 2,2,-0.72,271
A2-02,Section 2,2,-0.74,272
A2-02,Section 2,2,-0.77,273
A2-02,Section 2,2,-0.78,274
A2-02,Section 2,2,-0.81,275
A2-02,Section 2,2,-0.81,276
A2-02,Section 2,2,-0.84,277
A2-02,Section 2,2,-0.85,278
A2-02,Section 2,2,-0.87,279
A2-02,Section 2,2,-0.89,280
A2-02,Section 2,2,-0.9,281
A2-02,Section 2,2,-0.92,282
A2-02,Section 2,2,-0.93,283
A2-02,Section 2,2,-0.96,284
A2-02,Section 2,2,-0.98,285
A2-02,Section 2,2,-1,286
A2-02,Section 2,2,-1.02,287
A2-02,Section 2,2,-1.02,288
A2-02,Section 2,2,-1.05,289
A2-02,Section 2,2,-1.05,290
A2-02,Section 2,2,-1.07,291
A2-02,Section 2,2,-1.11,292
A2-02,Section 2,2,-1.1,293
A2-02,Section 2,2,-1.13,294
A2-02,Section 2,2,-1.11,295
A2-02,Section 2,2,-1.16,296
A2-02,Section 2,2,-1.17,297
A2-02,Section 2,2,-1.2,298
A2-02,Section 2,2,-1.22,299
A2-02,Section 2,2,-1.23,300
A2-02,Section 2,2,-1.23,301
A2-02,Section 2,2,-1.25,302
A2-02,Section 2,2,-1.27,303
A2-02,Section 2,2,-1.29,304
A2-02,Section 2,2,-1.28,305
A2-02,Section 2,2,-1.29,306
A2-02,Section 2,2,-1.33,307
A2-02,Section 2,2,-1.34,308
A2-02,Section 2,2,-1.34,309
A2-02,Section 2,2,-1.34,310
A2-02,Section 2,2,-1.37,311
A2-02,Section 2,2,-1.38,312
A2-02,Section 2,2,-1.37,313
A2-02,Section 2,2,-1.39,314
A2-02,Section 2,2,-1.42,315
A2-02,Section 2,2,-1.44,316
A2-02,Section 2,2,-1.45,317
A2-02,Section 2,2,-1.45,318
A2-02,Section 2,2,-1.47,319
A2-02,Section 2,2,-1.48,320
A2-02,Section 2,2,-1.49,321
A2-02,Section 2,2,-1.51,322
A2-02,Section 2,2,-1.52,323
A2-02,Section 2,2,-1.54,324
A2-02,Section 2,2,-1.54,325
A2-02,Section 2,2,-1.55,326
A2-02,Section 2,2,-1.57,327
A2-02,Section 2,2,-1.58,328
A2-02,Section 2,2,-1.59,329
A2-02,Section 2,2,-1.59,330
A2-02,Section 2,2,-1.62,331
A2-02,Section 2,2,-1.61,332
A2-02,Section 2,2,-1.62,333
A2-02,Section 2,2,-1.66,334
A2-02,Section 2,2,-1.65,335
A2-02,Section 2,2,-1.68,336
A2-02,Section 2,2,-1.69,337
A2-02,Section 2,2,-1.68,338
A2-02,Section 2,2,-1.72,339
A2-02,Section 2,2,-1.72,340
A2-02,Section 2,2,-1.74,341
A2-02,Section 2,2,-1.75,342
A2-02,Section 2,2,-1.74,343
A2-02,Section 2,2,-1.78,344
A2-02,Section 2,2,-1.77,345
A2-02,Section 2,2,-1.77,346
A2-02,Section 2,2,-1.77,347
A2-02,Section 2,2,-1.79,348
A2-02,Section 2,2,-1.82,349
A2-02,Section 2,2,-1.82,350
A2-02,Section 2,2,-1.82,351
A2-02,Section 2,2,-1.85,352
A2-02,Section 2,2,-1.86,353
A2-02,Section 2,2,-1.86,354
A2-02,Section 2,2,-1.87,355
A2-02,Section 2,2,-1.88,356
A2-02,Section 2,2,-1.87,357
A2-02,Section 2,2,-1.89,358
A2-02,Section 2,2,-1.92,359
A2-02,Section 2,2,-1.91,360
A2-02,Section 2,2,-1.94,361
A2-02,Section 2,2,-1.94,362
A2-02,Section 2,2,-1.94,363
A2-02,Section 2,2,-1.94,364
A2-02,Section 2,2,-1.96,365
A2-02,Section 2,2,-1.97,366
A2-02,Section 2,2,-1.98,367
A2-02,Section 2,2,-1.99,368
A2-02,Section 2,2,-1.99,369
A2-02,Section 2,2,-2.02,370
A2-02,Section 2,2,-2.02,371
A2-02,Section 2,2,-2.01,372
A2-02,Section 2,2,-2.06,373
A2-02,Section 2,2,-2.05,374
A2-02,Section 2,2,-2.08,375
A2-02,Section 2,2,-2.07,376
A2-02,Section 2,2,-2.08,377
A2-02,Section 2,2,-2.11,378
A2-02,Section 2,2,-2.09,379
A2-02,Section 2,2,-2.12,380
A2-02,Section 2,2,-2.14,381
A2-02,Section 2,2,-2.16,382
A2-02,Section 2,2,-2.16,383
A2-02,Section 2,2,-2.18,384
A2-02,Section 2,2,-2.2,385
A2-02,Section 2,2,-2.23,386
A2-02,Section 2,2,-2.23,387
A2-02,Section 2,2,-2.25,388
A2-02,Section 2,2,-2.26,389
A2-02,Section 2,2,-2.28,390
A2-02,Section 2,2,-2.3,391
A2-02,Section 2,2,-2.34,392
A2-02,Section 2,2,-2.53,393
A2-02,Section 2,2,-2.37,394
A2-02,Section 2,2,-3,395
A2-02,Section 2,2,-2.9,396
A2-02,Section 2,2,-3,397
A2-02,Section 2,2,-2.98,398
A2-02,Section 2,2,-2.85,399
A2-02,Section 2,2,-2.6,400
A2-02,Section 2,2,-2.65,401
A2-02,Section 2,2,-2.54,402
A2-02,Section 2,2,-2.57,403
A2-02,Section 2,2,-2.42,404
A2-02,Section 2,2,-2.69,405
A2-02,Section 2,2,-2.54,406
A2-02,Section 2,2,-2.64,407
A2-02,Section 2,2,-2.72,408
A2-02,Section 2,2,-2.88,409
A2-02,Section 2,2,-3,410
A2-02,Section 2,2,-2.83,411
A2-02,Section 2,2,-3,412
A2-02,Section 2,2,-2.86,413
A2-02,Section 2,2,-3,414
A2-02,Section 2,2,-3,415
A2-02,Section 2,2,-2.68,416
A2-02,Section 2,2,-3,417
A2-02,Section 2,2,-3,418
A2-02,Section 2,2,-3,419
A2-02,Section 2,2,-3,420
A2-02,Section 2,2,-3,421
A2-02,Section 2,2,-3,422
A2-02,Section 2,2,-3,423
A2-02,Section 2,2,-3,424
A2-02,Section 2,2,-3,425
A2-02,Section 2,2,-2.99,426
A2-02,Section 2,2,-3,427
A2-02,Section 2,2,-3,428
A2-02,Section 2,2,-3,429
A2-02,Section 2,2,-2.92,430
A2-02,Section 2,2,-2.54,431
A2-02,Section 2,2,-2.55,432
A2-02,Section 2,2,-2.48,433
A2-02,Section 2,2,-2.51,434
A2-02,Section 2,2,-2.54,435
A2-02,Section 2,2,-2.53,436
A2-02,Section 2,2,-2.65,437
A2-02,Section 2,2,-2.59,438
A2-02,Section 2,2,-2.59,439
A2-02,Section 2,2,-2.6,440
A2-02,Section 2,2,-2.67,441
A2-02,Section 2,2,-2.59,442
A2-02,Section 2,2,-2.78,443
A2-02,Section 2,2,-2.74,444
A2-02,Section 2,2,-2.61,445
A2-02,Section 2,2,-2.67,446
A2-02,Section 2,2,-2.61,447
A2-02,Section 2,2,-2.6,448
A2-02,Section 2,2,-2.62,449
A2-02,Section 2,2,-2.53,450
A2-02,Section 2,2,-2.51,451
A2-02,Section 2,2,-2.46,452
A2-02,Section 2,2,-2.52,453
A2-02,Section 2,2,-2.51,454
A2-02,Section 2,2,-2.56,455
A2-02,Section 2,2,-2.52,456
A2-02,Section 2,2,-2.57,457
A2-02,Section 2,2,-2.59,458
A2-02,Section 2,2,-2.64,459
A2-02,Section 2,2,-2.64,460
A2-02,Section 2,2,-2.8,461
A2-02,Section 2,2,-3,462
A2-02,Section 2,2,-3,463
A2-02,Section 2,2,-3,464
A2-02,Section 2,2,-3,465
A2-02,Section 2,2,-3,466
A2-02,Section 2,2,-2.96,467
A2-02,Section 2,2,-2.75,468
A2-02,Section 2,2,-2.69,469
A2-02,Section 2,2,-3,470
A2-02,Section 2,2,-3,471
A2-02,Section 2,2,-3,472
A2-02,Section 2,2,-3,473
A2-02,Section 2,2,-3,474
A2-02,Section 2,2,-3,475
A2-02,Section 2,2,-2.76,476
A2-02,Section 2,2,-2.95,477
A2-02,Section 2,2,-3,478
A2-02,Section 2,2,-3,479
A2-02,Section 2,2,-3,480
A2-02,Section 2,2,-3,481
A2-02,Section 2,2,-3,482
A2-02,Section 2,2,-2.86,483
A2-02,Section 2,2,-2.9,484
A2-02,Section 2,2,-3,485
A2-02,Section 2,2,-3,486
A2-02,Section 2,2,-3,487
A2-02,Section 2,2,-3,488
A2-02,Section 2,2,-3,489
A2-02,Section 2,2,-3,490
A2-02,Section 2,2,-3,491
A2-02,Section 2,2,-3,492
A2-02,Section 2,2,-3,493
A2-02,Section 2,2,-3,494
A2-02,Section 2,2,-3,495
A2-02,Section 2,2,-3,496
A2-02,Section 2,2,-3,497
A2-02,Section 2,2,-3,498
A2-02,Section 2,2,-3,499
A2-02,Section 2,2,-3,500
A2-02,Section 2,2,-3,501
A2-02,Section 2,2,-3,502
A2-02,Section 2,2,-3,503
A2-02,Section 2,2,-3,504
A2-02,Section 2,2,-3,505
A2-02,Section 2,2,-3,506
A2-02,Section 2,2,-3,507
A2-02,Section 2,2,-3,508
A2-02,Section 2,2,-3,509
A2-02,Section 2,2,-3,510
A2-02,Section 2,2,-3,511
A2-02,Section 2,2,-3,512
A2-02,Section 2,2,-3,513
A2-02,Section 2,2,-3,514
A2-02,Section 2,2,-3,515
A2-02,Section 2,2,-3,516
A2-02,Section 2,2,-3,517
A2-02,Section 2,2,-3,518
A2-02,Section 2,2,-3,519
A2-02,Section 2,2,-3,520
A2-02,Section 2,2,-3,521
A2-02,Section 2,2,-3,522
A2-02,Section 2,2,-3,523
A2-02,Section 2,2,-3,524
A2-02,Section 2,2,-3,525
A2-02,Section 2,2,-3,526
A2-02,Section 2,2,-3,527
A2-02,Section 2,2,-3,528
A2-02,Section 2,2,-3,529
A2-02,Section 2,2,-3,530
A2-02,Section 2,2,-3,531
A2-02,Section 2,2,-3,532
A2-02,Section 2,2,-3,533
A2-02,Section 2,2,-3,534
A2-02,Section 2,2,-3,535
A2-02,Section 2,2,-3,536
A2-02,Section 2,2,-3,537
A2-02,Section 2,2,-3,538
A2-02,Section 2,2,-3,539
A2-02,Section 2,2,-3,540
A2-02,Section 2,2,-3,541
A2-02,Section 2,2,-3,542
A2-02,Section 2,2,-3,543
A2-02,Section 2,2,-3,544
A2-02,Section 2,2,-3,545
A2-02,Section 2,2,-3,546
A2-02,Section 2,2,-3,547
A2-02,Section 2,2,-3,548
A2-02,Section 2,2,-3,549
A2-02,Section 2,2,-3,550
A2-02,Section 2,2,-3,551
A2-02,Section 2,2,-3,552
A2-02,Section 2,2,-3,553
A2-02,Section 2,2,-3,554
A2-02,Section 2,2,-3,555
A2-02,Section 2,2,-3,556
A2-02,Section 2,2,-3,557
A2-02,Section 2,2,-3,558
A2-02,Section 2,2,-3,559
A2-02,Section 2,2,-3,560
A2-02,Section 2,2,-3,561
A2-02,Section 2,2,-3,562
A2-02,Section 2,2,-3,563
A2-02,Section 2,2,-3,564
A2-02,Section 2,2,-3,565
A2-02,Section 2,2,-3,566
A2-02,Section 2,2,-3,567
A2-02,Section 2,2,-3,568
A2-02,Section 2,2,-3,569
A2-02,Section 2,2,-3,570
A2-02,Section 2,2,-3,571
A2-02,Section 2,2,-3,572
A2-02,Section 2,2,-3,573
A2-02,Section 2,2,-3,574
A2-02,Section 2,2,-3,575
A2-02,Section 2,2,-3,576
A2-02,Section 2,2,-3,577
A2-02,Section 2,2,-3,578
A2-02,Section 2,2,-3,579
A2-02,Section 2,2,-3,580
A2-02,Section 2,2,-3,581
A2-02,Section 2,2,-3,582
A2-02,Section 2,2,-3,583
A2-02,Section 2,2,-3,584
A2-02,Section 2,2,-3,585
A2-02,Section 2,2,-3,586
A2-02,Section 2,2,-3,587
A2-02,Section 2,2,-3,588
A2-02,Section 2,2,-3,589
A2-02,Section 2,2,-3,590
A2-02,Section 2,2,0,591
A2-02,Section 2,2,0,592
A2-02,Section 2,2,0,593
A2-02,Section 2,2,0,594
A2-02,Section 2,2,0,595
A2-02,Section 2,2,0,596
A2-02,Section 2,2,0,597
A2-02,Section 2,2,0,598
A2-02,Section 2,2,0,599
A2-02,Section 2,2,0,600
A2-02,Section 2,2,0,601
A2-02,Section 2,2,0,602
A2-02,Section 2,2,0,603
A2-02,Section 2,2,0,604
A2-02,Section 2,2,0,605
A2-02,Section 2,2,0,606
A2-02,Section 2,2,0,607
A2-02,Section 2,2,0,608
A2-02,Section 2,2,0,609
A2-02,Section 2,2,0,610
A2-02,Section 2,2,0,611
A2-02,Section 2,2,0,612
A2-02,Section 2,2,0,613
A2-02,Section 2,2,0,614
A2-02,Section 2,2,0,615
A2-02,Section 2,2,0,616
A2-02,Section 2,2,0,617
A2-02,Section 2,2,0,618
A2-02,Section 2,2,0,619
A2-02,Section 2,2,0,620
A2-02,Section 2,2,0,621
A2-02,Section 2,2,0,622
A2-02,Section 2,2,0,623
A2-02,Section 2,2,0,624
A2-02,Section 2,2,0,625
A2-02,Section 2,2,0,626
A2-02,Section 2,2,0,627
A2-02,Section 2,2,0,628
A2-02,Section 2,2,0,629
A2-02,Section 2,2,0,630
A2-02,Section 2,2,0,631
A2-02,Section 2,2,0,632
A2-02,Section 2,2,0,633
A2-02,Section 2,2,0,634
A2-02,Section 2,2,0,635
A2-02,Section 2,2,0,636
A2-02,Section 2,2,0,637
A2-02,Section 2,2,0,638
A2-02,Section 2,2,0,639
A2-02,Section 2,2,0,640
A2-02,Section 2,2,0,641
A2-02,Section 2,2,0,642
A2-02,Section 2,2,0,643
A2-02,Section 2,2,0,644
A2-02,Section 2,2,0,645
A2-02,Section 2,2,0,646
A2-02,Section 2,2,0,647
A2-02,Section 2,2,0,648
A2-02,Section 2,2,0,649
A2-02,Section 2,2,0,650
A2-02,Section 2,2,0,651
A2-02,Section 2,2,0,652
A2-02,Section 2,2,0,653
A2-02,Section 2,2,0,654
A2-02,Section 2,2,0,655
A2-02,Section 2,2,0,656
A2-02,Section 2,2,0,657
A2-02,Section 2,2,0,658
A2-02,Section 2,2,0,659
A2-02,Section 2,2,0,660
A2-02,Section 2,2,0,661
A2-02,Section 2,2,0,662
A2-02,Section 2,2,0,663
A2-02,Section 2,2,0,664
A2-02,Section 2,2,0,665
A2-02,Section 2,2,0,666
A2-02,Section 2,2,0,667
A2-02,Section 2,2,0,668
A2-02,Section 2,2,0,669
A2-02,Section 2,2,0,670
A2-02,Section 2,2,0,671
A2-02,Section 2,2,0,672
A2-02,Section 2,2,0,673
A2-02,Section 2,2,0,674
A2-02,Section 2,2,0,675
A2-02,Section 2,2,0,676
A2-02,Section 2,2,0,677
A2-02,Section 2,2,0,678
A2-02,Section 2,2,0,679
A2-02,Section 2,2,0,680
A2-02,Section 2,2,0,681
A2-02,Section 2,2,0,682
A2-02,Section 2,2,0,683
A2-02,Section 2,2,0,684
A2-02,Section 2,2,0,685
A2-02,Section 2,2,0,686
A2-02,Section 2,2,0,687
A2-02,Section 2,2,0,688
A2-02,Section 2,2,0,689
A2-02,Section 2,2,0,690
A2-02,Section 2,2,0,691
A2-02,Section 2,2,0,692
A2-02,Section 2,2,0,693
A2-02,Section 2,2,0,694
A2-02,Section 2,2,0,695
A2-02,Section 2,2,0,696
A2-02,Section 2,2,0,697
A2-02,Section 2,2,0,698
A2-02,Section 2,2,0,699
A2-02,Section 2,2,0,700
A2-02,Section 2,2,0,701
A2-02,Section 2,2,0,702
A2-02,Section 2,2,0,703
A2-02,Section 2,2,0,704
A2-02,Section 2,2,0,705
A2-02,Section 2,2,0,706
A2-02,Section 2,2,0,707
A2-02,Section 2,2,0,708
A2-02,Section 2,2,0,709
A2-02,Section 2,2,0,710
A2-02,Section 2,2,0,711
A2-02,Section 2,2,0,712
A2-02,Section 2,2,0,713
A2-02,Section 2,2,0,714
A2-02,Section 2,2,0,715
A2-02,Section 2,2,0,716
A2-02,Section 2,2,0,717
A2-02,Section 2,2,0,718
A2-02,Section 2,2,0,719
A2-02,Section 2,2,0,720
A2-02,Section 2,2,0,721
A2-02,Section 2,2,0,722
A2-02,Section 2,2,0,723
A2-02,Section 2,2,0,724
A2-02,Section 2,2,0,725
A2-02,Section 2,2,0,726
A2-02,Section 2,2,0,727
A2-02,Section 2,2,0,728
A2-02,Section 2,2,0,729
A2-02,Section 2,2,0,730
A2-02,Section 2,2,0,731
A2-02,Section 2,2,0,732
A2-02,Section 2,2,0,733
A2-02,Section 2,2,0,734
A2-02,Section 2,2,0,735
A2-02,Section 2,2,0,736
A2-02,Section 2,2,0,737
A2-02,Section 2,2,0,738
A2-02,Section 2,2,0,739
A2-02,Section 2,2,0,740
A2-02,Section 2,2,0,741
A2-02,Section 2,2,0,742
A2-02,Section 2,2,0,743
A2-02,Section 2,2,0,744
A2-02,Section 2,2,0,745
A2-02,Section 2,2,0,746
A2-02,Section 2,2,0,747
A2-02,Section 2,2,0,748
A2-02,Section 2,2,0,749
A2-02,Section 2,2,0,750
A2-02,Section 2,2,0,751
A2-02,Section 2,2,0,752
A2-02,Section 2,2,0,753
A2-02,Section 2,2,0,754
A2-02,Section 2,2,0,755
A2-02,Section 2,2,0,756
A2-02,Section 2,2,0,757
A2-02,Section 2,2,0,758
A2-02,Section 2,2,0,759
A2-02,Section 2,2,0,760
A2-02,Section 2,2,0,761
A2-02,Section 2,2,0,762
A2-02,Section 2,2,0,763
A2-02,Section 2,2,0,764
A2-02,Section 2,2,0,765
A2-02,Section 2,2,0,766
A2-02,Section 2,2,0,767
A2-02,Section 2,2,0,768
A2-02,Section 2,2,0,769
A2-02,Section 2,2,0,770
A2-02,Section 2,2,0,771
A2-02,Section 2,2,0,772
A2-02,Section 2,2,0,773
A2-02,Section 2,2,0,774
A2-02,Section 2,2,0,775
A2-02,Section 2,2,0,776
A2-02,Section 2,2,0,777
A2-02,Section 2,2,0,778
A2-02,Section 2,2,0,779
A2-02,Section 2,2,0,780
A2-02,Section 2,2,0,781
A2-02,Section 2,2,0,782
A2-02,Section 2,2,0,783
A2-02,Section 2,2,0,784
A2-02,Section 2,2,0,785
A2-02,Section 2,2,0,786
A2-02,Section 2,2,0,787
A2-02,Section 2,2,0,788
A2-02,Section 2,2,0,789
A2-02,Section 2,2,0,790
A2-02,Section 2,2,0,791
A2-02,Section 2,2,0,792
A2-02,Section 2,2,0,793
A2-02,Section 2,2,0,794
A2-02,Section 2,2,0,795
A2-02,Section 2,2,0,796
A2-02,Section 2,2,0,797
A2-02,Section 2,2,0,798
A2-02,Section 2,2,0,799
A2-02,Section 2,2,0,800
A2-02,Section 2,2,0,801
A2-02,Section 2,2,0,802
A2-02,Section 2,2,0,803
A2-02,Section 2,2,0,804
A2-02,Section 2,2,0,805
A2-02,Section 2,2,0,806
A2-02,Section 2,2,0,807
A2-02,Section 2,2,0,808
A2-02,Section 2,2,0,809
A2-02,Section 2,2,0,810
A2-02,Section 2,2,0,811
A2-02,Section 2,2,0,812
A2-02,Section 2,2,0,813
A2-02,Section 2,2,0,814
A2-02,Section 2,2,0,815
A2-02,Section 2,2,0,816
A2-02,Section 2,2,0,817
A2-02,Section 2,2,0,818
A2-02,Section 2,2,0,819
A2-02,Section 2,2,0,820
A2-02,Section 2,2,0,821
A2-02,Section 2,2,0,822
A2-02,Section 2,2,0,823
A2-02,Section 2,2,0,824
A2-02,Section 2,2,0,825
A2-02,Section 2,2,0,826
A2-02,Section 2,2,0,827
A2-02,Section 2,2,0,828
A2-02,Section 2,2,0,829
A2-02,Section 2,2,0,830
A2-02,Section 2,2,0,831
A2-02,Section 2,2,0,832
A2-02,Section 2,2,0,833
A2-02,Section 2,2,0,834
A2-02,Section 2,2,0,835
A2-02,Section 2,2,0,836
A2-02,Section 2,2,0,837
A2-02,Section 2,2,0,838
A2-02,Section 2,2,0,839
A2-02,Section 2,2,0,840
A2-02,Section 2,2,0,841
A2-02,Section 2,2,0,842
A2-02,Section 2,2,0,843
A2-02,Section 2,2,0,844
A2-02,Section 2,2,0,845
A2-02,Section 2,2,0,846
A2-02,Section 2,2,0,847
A2-02,Section 2,2,0,848
A2-02,Section 2,2,0,849
A2-02,Section 2,2,0,850
A2-02,Section 2,2,0,851
A2-02,Section 2,2,0,852
A2-02,Section 2,2,0,853
A2-02,Section 2,2,0,854
A2-02,Section 2,2,0,855
A2-02,Section 2,2,0,856
A2-02,Section 2,2,0,857
A2-02,Section 2,2,0,858
A2-02,Section 2,2,0,859
A2-02,Section 2,2,0,860
A2-02,Section 2,2,0,861
A2-02,Section 2,2,0,862
A2-02,Section 2,2,0,863
A2-02,Section 2,2,0,864
A2-02,Section 2,2,0,865
A2-02,Section 2,2,0,866
A2-02,Section 2,2,0,867
A2-02,Section 2,2,0,868
A2-02,Section 2,2,0,869
A2-02,Section 2,2,0,870
A2-02,Section 2,2,0,871
A2-02,Section 2,2,0,872
A2-02,Section 2,2,0,873
A2-02,Section 2,2,0,874
A2-02,Section 2,2,0,875
A2-02,Section 2,2,0,876
A2-02,Section 2,2,0,877
A2-02,Section 2,2,0,878
A2-02,Section 2,2,0,879
A2-02,Section 2,2,0,880
A2-02,Section 2,2,0,881
A2-02,Section 2,2,0,882
A2-02,Section 2,2,0,883
A2-02,Section 2,2,0,884
A2-02,Section 2,2,0,885
A2-02,Section 2,2,0,886
A2-02,Section 2,2,0,887
A2-02,Section 2,2,0,888
A2-02,Section 2,2,0,889
A2-02,Section 2,2,0,890
A2-02,Section 2,2,0,891
A2-02,Section 2,2,0,892
A2-02,Section 2,2,0,893
A2-02,Section 2,2,0,894
A2-02,Section 2,2,0,895
A2-02,Section 2,2,0,896
A2-02,Section 2,2,0,897
A2-02,Section 2,2,0,898
A2-02,Section 2,2,0,899
A2-02,Section 2,2,0,900
A2-02,Section 2,2,0,901
A2-02,Section 2,2,0,902
A2-02,Section 2,2,0,903
A2-02,Section 2,2,0,904
A2-02,Section 2,2,0,905
A2-02,Section 2,2,0,906
A2-02,Section 2,2,0,907
A2-02,Section 2,2,0,908
A2-02,Section 2,2,0,909
A2-02,Section 2,2,0,910
A2-02,Section 2,2,0,911
A2-02,Section 2,2,0,912
A2-02,Section 2,2,0,913
A2-02,Section 2,2,0,914
A2-02,Section 2,2,0,915
A2-02,Section 2,2,0,916
A2-02,Section 2,2,0,917
A2-02,Section 2,2,0,918
A2-02,Section 2,2,0,919
A2-02,Section 2,2,0,920
A2-02,Section 2,2,0,921
A2-02,Section 2,2,0,922
A2-02,Section 2,2,0,923
A2-02,Section 2,2,0,924
A2-02,Section 2,2,0,925
A2-02,Section 2,2,0,926
A2-02,Section 2,2,0,927
A2-02,Section 2,2,0,928
A2-02,Section 2,2,0,929
A2-02,Section 2,2,0,930
A2-02,Section 2,2,0,931
A2-02,Section 2,2,0,932
A2-02,Section 2,2,0,933
A2-02,Section 2,2,0,934
A2-02,Section 2,2,0,935
A2-02,Section 2,2,0,936
A2-02,Section 2,2,0,937
A2-02,Section 2,2,0,938
A2-02,Section 2,2,0,939
A2-02,Section 2,2,0,940
A2-02,Section 2,2,0,941
A2-02,Section 2,2,0,942
A2-02,Section 2,2,0,943
A2-02,Section 2,2,0,944
A2-02,Section 2,2,0,945
A2-02,Section 2,2,0,946
A2-02,Section 2,2,0,947
A2-02,Section 2,2,0,948
A2-02,Section 2,2,0,949
A2-02,Section 2,2,0,950
A2-02,Section 2,2,0,951
A2-02,Section 2,2,0,952
A2-02,Section 2,2,0,953
A2-02,Section 2,2,0,954
A2-02,Section 2,2,0,955
A2-02,Section 2,2,0,956
A2-02,Section 2,2,0,957
A2-02,Section 2,2,0,958
A2-02,Section 2,2,0,959
A2-02,Section 2,2,0,960
A2-02,Section 2,2,0,961
A2-02,Section 2,2,0,962
A2-02,Section 2,2,0,963
A2-02,Section 2,2,0,964
A2-02,Section 2,2,0,965
A2-02,Section 2,2,0,966
A2-02,Section 2,2,0,967
A2-02,Section 2,2,0,968
A2-02,Section 2,2,0,969
A2-02,Section 2,2,0,970
A2-02,Section 2,2,0,971
A2-02,Section 2,2,0,972
A2-02,Section 2,2,0,973
A2-02,Section 2,2,0,974
A2-02,Section 2,2,0,975
A2-02,Section 2,2,0,976
A2-03,Section 3,3,0,0
A2-03,Section 3,3,0,1
A2-03,Section 3,3,0,2
A2-03,Section 3,3,0,3
A2-03,Section 3,3,0,4
A2-03,Section 3,3,0,5
A2-03,Section 3,3,0,6
A2-03,Section 3,3,0,7
A2-03,Section 3,3,0,8
A2-03,Section 3,3,0,9
A2-03,Section 3,3,0,10
A2-03,Section 3,3,0,11
A2-03,Section 3,3,0,12
A2-03,Section 3,3,0,13
A2-03,Section 3,3,0,14
A2-03,Section 3,3,0,15
A2-03,Section 3,3,0,16
A2-03,Section 3,3,0,17
A2-03,Section 3,3,0,18
A2-03,Section 3,3,0,19
A2-03,Section 3,3,0,20
A2-03,Section 3,3,29.74,21
A2-03,Section 3,3,30.45,22
A2-03,Section 3,3,30.49,23
A2-03,Section 3,3,31.4,24
A2-03,Section 3,3,31.16,25
A2-03,Section 3,3,30.82,26
A2-03,Section 3,3,30.54,27
A2-03,Section 3,3,30.2,28
A2-03,Section 3,3,29.68,29
A2-03,Section 3,3,29.51,30
A2-03,Section 3,3,29.27,31
A2-03,Section 3,3,28.78,32
A2-03,Section 3,3,28.41,33
A2-03,Section 3,3,27.77,34
A2-03,Section 3,3,27.52,35
A2-03,Section 3,3,27,36
A2-03,Section 3,3,26.6,37
A2-03,Section 3,3,26.23,38
A2-03,Section 3,3,25.84,39
A2-03,Section 3,3,25.24,40
A2-03,Section 3,3,24.46,41
A2-03,Section 3,3,24.07,42
A2-03,Section 3,3,23.62,43
A2-03,Section 3,3,23.29,44
A2-03,Section 3,3,22.79,45
A2-03,Section 3,3,22.01,46
A2-03,Section 3,3,22.33,47
A2-03,Section 3,3,22.11,48
A2-03,Section 3,3,21.79,49
A2-03,Section 3,3,21.65,50
A2-03,Section 3,3,21.45,51
A2-03,Section 3,3,21.35,52
A2-03,Section 3,3,21.22,53
A2-03,Section 3,3,21.02,54
A2-03,Section 3,3,20.82,55
A2-03,Section 3,3,20.5,56
A2-03,Section 3,3,20,57
A2-03,Section 3,3,19.56,58
A2-03,Section 3,3,19.09,59
A2-03,Section 3,3,18.66,60
A2-03,Section 3,3,18.14,61
A2-03,Section 3,3,17.59,62
A2-03,Section 3,3,17.09,63
A2-03,Section 3,3,16.53,64
A2-03,Section 3,3,15.97,65
A2-03,Section 3,3,15.24,66
A2-03,Section 3,3,14.83,67
A2-03,Section 3,3,14.11,68
A2-03,Section 3,3,13.35,69
A2-03,Section 3,3,12.71,70
A2-03,Section 3,3,10.98,71
A2-03,Section 3,3,9.28,72
A2-03,Section 3,3,8.31,73
A2-03,Section 3,3,7.21,74
A2-03,Section 3,3,6.76,75
A2-03,Section 3,3,6.49,76
A2-03,Section 3,3,5.03,77
A2-03,Section 3,3,3.56,78
A2-03,Section 3,3,2.76,79
A2-03,Section 3,3,2.49,80
A2-03,Section 3,3,2.67,81
A2-03,Section 3,3,2.39,82
A2-03,Section 3,3,2.6,83
A2-03,Section 3,3,2.32,84
A2-03,Section 3,3,2.2,85
A2-03,Section 3,3,1.43,86
A2-03,Section 3,3,1.16,87
A2-03,Section 3,3,0.66,88
A2-03,Section 3,3,0.57,89
A2-03,Section 3,3,0.52,90
A2-03,Section 3,3,0.48,91
A2-03,Section 3,3,0.44,92
A2-03,Section 3,3,0.38,93
A2-03,Section 3,3,0.32,94
A2-03,Section 3,3,0.27,95
A2-03,Section 3,3,0.22,96
A2-03,Section 3,3,0.16,97
A2-03,Section 3,3,0.12,98
A2-03,Section 3,3,0.07,99
A2-03,Section 3,3,0.02,100
A2-03,Section 3,3,-0.03,101
A2-03,Section 3,3,-0.07,102
A2-03,Section 3,3,-0.1,103
A2-03,Section 3,3,-0.14,104
A2-03,Section 3,3,-0.17,105
A2-03,Section 3,3,-0.2,106
A2-03,Section 3,3,-0.24,107
A2-03,Section 3,3,-0.27,108
A2-03,Section 3,3,-0.29,109
A2-03,Section 3,3,-0.33,110
A2-03,Section 3,3,-0.37,111
A2-03,Section 3,3,-0.4,112
A2-03,Section 3,3,-0.43,113
A2-03,Section 3,3,-0.46,114
A2-03,Section 3,3,-0.5,115
A2-03,Section 3,3,-0.53,116
A2-03,Section 3,3,-0.56,117
A2-03,Section 3,3,-0.59,118
A2-03,Section 3,3,-0.62,119
A2-03,Section 3,3,-0.66,120
A2-03,Section 3,3,-0.69,121
A2-03,Section 3,3,-0.72,122
A2-03,Section 3,3,-0.75,123
A2-03,Section 3,3,-0.79,124
A2-03,Section 3,3,-0.81,125
A2-03,Section 3,3,-0.83,126
A2-03,Section 3,3,-0.84,127
A2-03,Section 3,3,-0.86,128
A2-03,Section 3,3,-0.89,129
A2-03,Section 3,3,-0.92,130
A2-03,Section 3,3,-0.94,131
A2-03,Section 3,3,-0.99,132
A2-03,Section 3,3,-1.02,133
A2-03,Section 3,3,-1.05,134
A2-03,Section 3,3,-1.09,135
A2-03,Section 3,3,-1.14,136
A2-03,Section 3,3,-1.18,137
A2-03,Section 3,3,-1.21,138
A2-03,Section 3,3,-1.27,139
A2-03,Section 3,3,-1.31,140
A2-03,Section 3,3,-1.37,141
A2-03,Section 3,3,-1.4,142
A2-03,Section 3,3,-1.43,143
A2-03,Section 3,3,-1.43,144
A2-03,Section 3,3,-1.45,145
A2-03,Section 3,3,-1.46,146
A2-03,Section 3,3,-1.46,147
A2-03,Section 3,3,-1.48,148
A2-03,Section 3,3,-1.48,149
A2-03,Section 3,3,-1.49,150
A2-03,Section 3,3,-1.5,151
A2-03,Section 3,3,-1.51,152
A2-03,Section 3,3,-1.51,153
A2-03,Section 3,3,-1.52,154
A2-03,Section 3,3,-1.52,155
A2-03,Section 3,3,-1.53,156
A2-03,Section 3,3,-1.53,157
A2-03,Section 3,3,-1.53,158
A2-03,Section 3,3,-1.53,159
A2-03,Section 3,3,-1.54,160
A2-03,Section 3,3,-1.54,161
A2-03,Section 3,3,-1.54,162
A2-03,Section 3,3,-1.54,163
A2-03,Section 3,3,-1.56,164
A2-03,Section 3,3,-1.56,165
A2-03,Section 3,3,-1.54,166
A2-03,Section 3,3,-1.58,167
A2-03,Section 3,3,-1.56,168
A2-03,Section 3,3,-1.57,169
A2-03,Section 3,3,-1.57,170
A2-03,Section 3,3,-1.57,171
A2-03,Section 3,3,-1.57,172
A2-03,Section 3,3,-1.57,173
A2-03,Section 3,3,-1.58,174
A2-03,Section 3,3,-1.58,175
A2-03,Section 3,3,-1.58,176
A2-03,Section 3,3,-1.58,177
A2-03,Section 3,3,-1.59,178
A2-03,Section 3,3,-1.58,179
A2-03,Section 3,3,-1.6,180
A2-03,Section 3,3,-1.61,181
A2-03,Section 3,3,-1.62,182
A2-03,Section 3,3,-1.63,183
A2-03,Section 3,3,-1.63,184
A2-03,Section 3,3,-1.64,185
A2-03,Section 3,3,-1.65,186
A2-03,Section 3,3,-1.65,187
A2-03,Section 3,3,-1.67,188
A2-03,Section 3,3,-1.66,189
A2-03,Section 3,3,-1.67,190
A2-03,Section 3,3,-1.67,191
A2-03,Section 3,3,-1.66,192
A2-03,Section 3,3,-1.69,193
A2-03,Section 3,3,-1.69,194
A2-03,Section 3,3,-1.69,195
A2-03,Section 3,3,-1.71,196
A2-03,Section 3,3,-1.71,197
A2-03,Section 3,3,-1.72,198
A2-03,Section 3,3,-1.72,199
A2-03,Section 3,3,-1.73,200
A2-03,Section 3,3,-1.73,201
A2-03,Section 3,3,-1.74,202
A2-03,Section 3,3,-1.74,203
A2-03,Section 3,3,-1.75,204
A2-03,Section 3,3,-1.75,205
A2-03,Section 3,3,-1.75,206
A2-03,Section 3,3,-1.76,207
A2-03,Section 3,3,-1.75,208
A2-03,Section 3,3,-1.78,209
A2-03,Section 3,3,-1.79,210
A2-03,Section 3,3,-1.77,211
A2-03,Section 3,3,-1.79,212
A2-03,Section 3,3,-1.79,213
A2-03,Section 3,3,-1.79,214
A2-03,Section 3,3,-1.8,215
A2-03,Section 3,3,-1.81,216
A2-03,Section 3,3,-1.8,217
A2-03,Section 3,3,-1.81,218
A2-03,Section 3,3,-1.81,219
A2-03,Section 3,3,-1.81,220
A2-03,Section 3,3,-1.81,221
A2-03,Section 3,3,-1.83,222
A2-03,Section 3,3,-1.81,223
A2-03,Section 3,3,-1.82,224
A2-03,Section 3,3,-1.82,225
A2-03,Section 3,3,-1.83,226
A2-03,Section 3,3,-1.84,227
A2-03,Section 3,3,-1.84,228
A2-03,Section 3,3,-1.83,229
A2-03,Section 3,3,-1.84,230
A2-03,Section 3,3,-1.85,231
A2-03,Section 3,3,-1.84,232
A2-03,Section 3,3,-1.85,233
A2-03,Section 3,3,-1.85,234
A2-03,Section 3,3,-1.86,235
A2-03,Section 3,3,-1.88,236
A2-03,Section 3,3,-1.86,237
A2-03,Section 3,3,-1.87,238
A2-03,Section 3,3,-1.87,239
A2-03,Section 3,3,-1.87,240
A2-03,Section 3,3,-1.88,241
A2-03,Section 3,3,-1.87,242
A2-03,Section 3,3,-1.87,243
A2-03,Section 3,3,-1.88,244
A2-03,Section 3,3,-1.88,245
A2-03,Section 3,3,-1.88,246
A2-03,Section 3,3,-1.88,247
A2-03,Section 3,3,-1.88,248
A2-03,Section 3,3,-1.88,249
A2-03,Section 3,3,-1.89,250
A2-03,Section 3,3,-1.88,251
A2-03,Section 3,3,-1.89,252
A2-03,Section 3,3,-1.9,253
A2-03,Section 3,3,-1.9,254
A2-03,Section 3,3,-1.91,255
A2-03,Section 3,3,-1.91,256
A2-03,Section 3,3,-1.91,257
A2-03,Section 3,3,-1.92,258
A2-03,Section 3,3,-1.93,259
A2-03,Section 3,3,-1.93,260
A2-03,Section 3,3,-1.94,261
A2-03,Section 3,3,-1.94,262
A2-03,Section 3,3,-1.94,263
A2-03,Section 3,3,-1.94,264
A2-03,Section 3,3,-1.95,265
A2-03,Section 3,3,-1.96,266
A2-03,Section 3,3,-1.96,267
A2-03,Section 3,3,-1.96,268
A2-03,Section 3,3,-1.97,269
A2-03,Section 3,3,-1.98,270
A2-03,Section 3,3,-1.98,271
A2-03,Section 3,3,-1.98,272
A2-03,Section 3,3,-1.99,273
A2-03,Section 3,3,-2.01,274
A2-03,Section 3,3,-2,275
A2-03,Section 3,3,-2,276
A2-03,Section 3,3,-2.02,277
A2-03,Section 3,3,-2.03,278
A2-03,Section 3,3,-2.04,279
A2-03,Section 3,3,-2.05,280
A2-03,Section 3,3,-2.04,281
A2-03,Section 3,3,-2.06,282
A2-03,Section 3,3,-2.06,283
A2-03,Section 3,3,-2.08,284
A2-03,Section 3,3,-2.07,285
A2-03,Section 3,3,-2.09,286
A2-03,Section 3,3,-2.09,287
A2-03,Section 3,3,-2.12,288
A2-03,Section 3,3,-2.11,289
A2-03,Section 3,3,-2.13,290
A2-03,Section 3,3,-2.13,291
A2-03,Section 3,3,-2.17,292
A2-03,Section 3,3,-2.17,293
A2-03,Section 3,3,-2.18,294
A2-03,Section 3,3,-2.18,295
A2-03,Section 3,3,-2.2,296
A2-03,Section 3,3,-2.21,297
A2-03,Section 3,3,-2.23,298
A2-03,Section 3,3,-2.26,299
A2-03,Section 3,3,-2.27,300
A2-03,Section 3,3,-2.29,301
A2-03,Section 3,3,-2.3,302
A2-03,Section 3,3,-2.3,303
A2-03,Section 3,3,-2.32,304
A2-03,Section 3,3,-2.34,305
A2-03,Section 3,3,-2.35,306
A2-03,Section 3,3,-2.37,307
A2-03,Section 3,3,-2.37,308
A2-03,Section 3,3,-2.4,309
A2-03,Section 3,3,-2.4,310
A2-03,Section 3,3,-2.4,311
A2-03,Section 3,3,-2.41,312
A2-03,Section 3,3,-2.4,313
A2-03,Section 3,3,-2.41,314
A2-03,Section 3,3,-2.41,315
A2-03,Section 3,3,-2.42,316
A2-03,Section 3,3,-2.43,317
A2-03,Section 3,3,-2.46,318
A2-03,Section 3,3,-2.5,319
A2-03,Section 3,3,-2.64,320
A2-03,Section 3,3,-2.65,321
A2-03,Section 3,3,-2.66,322
A2-03,Section 3,3,-2.69,323
A2-03,Section 3,3,-2.65,324
A2-03,Section 3,3,-2.64,325
A2-03,Section 3,3,-2.55,326
A2-03,Section 3,3,-2.81,327
A2-03,Section 3,3,-3,328
A2-03,Section 3,3,-3,329
A2-03,Section 3,3,-3,330
A2-03,Section 3,3,-3,331
A2-03,Section 3,3,-3,332
A2-03,Section 3,3,-2.63,333
A2-03,Section 3,3,-2.65,334
A2-03,Section 3,3,-2.81,335
A2-03,Section 3,3,-2.99,336
A2-03,Section 3,3,-2.83,337
A2-03,Section 3,3,-2.83,338
A2-03,Section 3,3,-2.84,339
A2-03,Section 3,3,-2.76,340
A2-03,Section 3,3,-2.75,341
A2-03,Section 3,3,-2.72,342
A2-03,Section 3,3,-2.69,343
A2-03,Section 3,3,-2.73,344
A2-03,Section 3,3,-2.75,345
A2-03,Section 3,3,-2.69,346
A2-03,Section 3,3,-2.69,347
A2-03,Section 3,3,-2.68,348
A2-03,Section 3,3,-2.72,349
A2-03,Section 3,3,-2.71,350
A2-03,Section 3,3,-2.68,351
A2-03,Section 3,3,-2.68,352
A2-03,Section 3,3,-2.69,353
A2-03,Section 3,3,-2.7,354
A2-03,Section 3,3,-2.73,355
A2-03,Section 3,3,-2.72,356
A2-03,Section 3,3,-2.74,357
A2-03,Section 3,3,-2.77,358
A2-03,Section 3,3,-2.8,359
A2-03,Section 3,3,-2.79,360
A2-03,Section 3,3,-2.78,361
A2-03,Section 3,3,-2.79,362
A2-03,Section 3,3,-2.77,363
A2-03,Section 3,3,-2.79,364
A2-03,Section 3,3,-2.76,365
A2-03,Section 3,3,-2.77,366
A2-03,Section 3,3,-2.75,367
A2-03,Section 3,3,-2.74,368
A2-03,Section 3,3,-2.73,369
A2-03,Section 3,3,-2.73,370
A2-03,Section 3,3,-2.71,371
A2-03,Section 3,3,-2.71,372
A2-03,Section 3,3,-2.68,373
A2-03,Section 3,3,-2.69,374
A2-03,Section 3,3,-2.69,375
A2-03,Section 3,3,-2.68,376
A2-03,Section 3,3,-2.68,377
A2-03,Section 3,3,-2.67,378
A2-03,Section 3,3,-2.67,379
A2-03,Section 3,3,-2.66,380
A2-03,Section 3,3,-2.64,381
A2-03,Section 3,3,-2.6,382
A2-03,Section 3,3,-2.52,383
A2-03,Section 3,3,-2.47,384
A2-03,Section 3,3,-2.41,385
A2-03,Section 3,3,-2.39,386
A2-03,Section 3,3,-2.38,387
A2-03,Section 3,3,-2.35,388
A2-03,Section 3,3,-2.35,389
A2-03,Section 3,3,-2.32,390
A2-03,Section 3,3,-2.31,391
A2-03,Section 3,3,-2.32,392
A2-03,Section 3,3,-2.31,393
A2-03,Section 3,3,-2.3,394
A2-03,Section 3,3,-2.3,395
A2-03,Section 3,3,-2.29,396
A2-03,Section 3,3,-2.29,397
A2-03,Section 3,3,-2.27,398
A2-03,Section 3,3,-2.26,399
A2-03,Section 3,3,-2.25,400
A2-03,Section 3,3,-2.23,401
A2-03,Section 3,3,-2.22,402
A2-03,Section 3,3,-2.21,403
A2-03,Section 3,3,-2.21,404
A2-03,Section 3,3,-2.2,405
A2-03,Section 3,3,-2.19,406
A2-03,Section 3,3,-2.17,407
A2-03,Section 3,3,-2.15,408
A2-03,Section 3,3,-2.14,409
A2-03,Section 3,3,-2.12,410
A2-03,Section 3,3,-2.1,411
A2-03,Section 3,3,-2.08,412
A2-03,Section 3,3,-2.06,413
A2-03,Section 3,3,-2.06,414
A2-03,Section 3,3,-2.06,415
A2-03,Section 3,3,-2.04,416
A2-03,Section 3,3,-2.03,417
A2-03,Section 3,3,-2.02,418
A2-03,Section 3,3,-2.02,419
A2-03,Section 3,3,-1.99,420
A2-03,Section 3,3,-1.99,421
A2-03,Section 3,3,-1.98,422
A2-03,Section 3,3,-1.96,423
A2-03,Section 3,3,-1.96,424
A2-03,Section 3,3,-1.95,425
A2-03,Section 3,3,-1.96,426
A2-03,Section 3,3,-1.96,427
A2-03,Section 3,3,-1.97,428
A2-03,Section 3,3,-1.96,429
A2-03,Section 3,3,-2,430
A2-03,Section 3,3,-2.01,431
A2-03,Section 3,3,-2.03,432
A2-03,Section 3,3,-2.02,433
A2-03,Section 3,3,-2,434
A2-03,Section 3,3,-2.02,435
A2-03,Section 3,3,-2.02,436
A2-03,Section 3,3,-2.04,437
A2-03,Section 3,3,-2.03,438
A2-03,Section 3,3,-2.07,439
A2-03,Section 3,3,-2.05,440
A2-03,Section 3,3,-2.01,441
A2-03,Section 3,3,-2.01,442
A2-03,Section 3,3,-1.96,443
A2-03,Section 3,3,-1.96,444
A2-03,Section 3,3,-1.94,445
A2-03,Section 3,3,-1.94,446
A2-03,Section 3,3,-1.96,447
A2-03,Section 3,3,-1.98,448
A2-03,Section 3,3,-1.97,449
A2-03,Section 3,3,-1.98,450
A2-03,Section 3,3,-1.98,451
A2-03,Section 3,3,-1.95,452
A2-03,Section 3,3,-1.94,453
A2-03,Section 3,3,-1.95,454
A2-03,Section 3,3,-1.99,455
A2-03,Section 3,3,-2.04,456
A2-03,Section 3,3,-2.08,457
A2-03,Section 3,3,-2.11,458
A2-03,Section 3,3,-2.16,459
A2-03,Section 3,3,-2.21,460
A2-03,Section 3,3,-2.25,461
A2-03,Section 3,3,-2.31,462
A2-03,Section 3,3,-2.4,463
A2-03,Section 3,3,-2.34,464
A2-03,Section 3,3,-2.72,465
A2-03,Section 3,3,-2.71,466
A2-03,Section 3,3,-2.69,467
A2-03,Section 3,3,-2.71,468
A2-03,Section 3,3,-2.82,469
A2-03,Section 3,3,-2.82,470
A2-03,Section 3,3,-2.82,471
A2-03,Section 3,3,-2.89,472
A2-03,Section 3,3,-2.93,473
A2-03,Section 3,3,-2.92,474
A2-03,Section 3,3,-2.89,475
A2-03,Section 3,3,-3,476
A2-03,Section 3,3,-2.96,477
A2-03,Section 3,3,-2.93,478
A2-03,Section 3,3,-2.92,479
A2-03,Section 3,3,-3,480
A2-03,Section 3,3,-2.94,481
A2-03,Section 3,3,-2.93,482
A2-03,Section 3,3,-2.89,483
A2-03,Section 3,3,-2.88,484
A2-03,Section 3,3,-2.86,485
A2-03,Section 3,3,-2.88,486
A2-03,Section 3,3,-2.89,487
A2-03,Section 3,3,-2.86,488
A2-03,Section 3,3,-2.82,489
A2-03,Section 3,3,-2.84,490
A2-03,Section 3,3,-2.84,491
A2-03,Section 3,3,-2.82,492
A2-03,Section 3,3,-2.78,493
A2-03,Section 3,3,-2.78,494
A2-03,Section 3,3,-2.75,495
A2-03,Section 3,3,-2.68,496
A2-03,Section 3,3,-2.68,497
A2-03,Section 3,3,-2.67,498
A2-03,Section 3,3,-2.7,499
A2-03,Section 3,3,-2.69,500
A2-03,Section 3,3,-2.64,501
A2-03,Section 3,3,-2.65,502
A2-03,Section 3,3,-2.6,503
A2-03,Section 3,3,-2.6,504
A2-03,Section 3,3,-2.57,505
A2-03,Section 3,3,-2.57,506
A2-03,Section 3,3,-2.55,507
A2-03,Section 3,3,-2.56,508
A2-03,Section 3,3,-2.54,509
A2-03,Section 3,3,-2.47,510
A2-03,Section 3,3,-2.42,511
A2-03,Section 3,3,-2.46,512
A2-03,Section 3,3,-2.49,513
A2-03,Section 3,3,-2.5,514
A2-03,Section 3,3,-2.55,515
A2-03,Section 3,3,-2.54,516
A2-03,Section 3,3,-2.53,517
A2-03,Section 3,3,-2.51,518
A2-03,Section 3,3,-2.49,519
A2-03,Section 3,3,-2.46,520
A2-03,Section 3,3,-2.45,521
A2-03,Section 3,3,-2.44,522
A2-03,Section 3,3,-2.42,523
A2-03,Section 3,3,-2.4,524
A2-03,Section 3,3,-2.41,525
A2-03,Section 3,3,-2.4,526
A2-03,Section 3,3,-2.37,527
A2-03,Section 3,3,-2.32,528
A2-03,Section 3,3,-2.23,529
A2-03,Section 3,3,-2.12,530
A2-03,Section 3,3,-2.04,531
A2-03,Section 3,3,-1.98,532
A2-03,Section 3,3,-1.94,533
A2-03,Section 3,3,-1.94,534
A2-03,Section 3,3,-1.92,535
A2-03,Section 3,3,-1.92,536
A2-03,Section 3,3,-1.91,537
A2-03,Section 3,3,-1.89,538
A2-03,Section 3,3,-1.86,539
A2-03,Section 3,3,-1.83,540
A2-03,Section 3,3,-1.86,541
A2-03,Section 3,3,-1.87,542
A2-03,Section 3,3,-1.85,543
A2-03,Section 3,3,-1.89,544
A2-03,Section 3,3,-1.94,545
A2-03,Section 3,3,-2.01,546
A2-03,Section 3,3,-2.08,547
A2-03,Section 3,3,-2.19,548
A2-03,Section 3,3,-2.38,549
A2-03,Section 3,3,-2.48,550
A2-03,Section 3,3,-2.56,551
A2-03,Section 3,3,-2.58,552
A2-03,Section 3,3,-2.64,553
A2-03,Section 3,3,-2.52,554
A2-03,Section 3,3,-2.35,555
A2-03,Section 3,3,-2.3,556
A2-03,Section 3,3,-2.25,557
A2-03,Section 3,3,-2.13,558
A2-03,Section 3,3,-2.14,559
A2-03,Section 3,3,-2.19,560
A2-03,Section 3,3,-2.24,561
A2-03,Section 3,3,-2.28,562
A2-03,Section 3,3,-2.42,563
A2-03,Section 3,3,-2.56,564
A2-03,Section 3,3,-2.52,565
A2-03,Section 3,3,-2.72,566
A2-03,Section 3,3,-2.54,567
A2-03,Section 3,3,-2.63,568
A2-03,Section 3,3,-2.67,569
A2-03,Section 3,3,-2.7,570
A2-03,Section 3,3,-2.86,571
A2-03,Section 3,3,-2.84,572
A2-03,Section 3,3,-3,573
A2-03,Section 3,3,-3,574
A2-03,Section 3,3,-3,575
A2-03,Section 3,3,-3,576
A2-03,Section 3,3,-3,577
A2-03,Section 3,3,-3,578
A2-03,Section 3,3,-3,579
A2-03,Section 3,3,-3,580
A2-03,Section 3,3,-3,581
A2-03,Section 3,3,-3,582
A2-03,Section 3,3,-3,583
A2-03,Section 3,3,-3,584
A2-03,Section 3,3,-3,585
A2-03,Section 3,3,-3,586
A2-03,Section 3,3,-3,587
A2-03,Section 3,3,-3,588
A2-03,Section 3,3,-3,589
A2-03,Section 3,3,-3,590
A2-03,Section 3,3,-3,591
A2-03,Section 3,3,-3,592
A2-03,Section 3,3,-3,593
A2-03,Section 3,3,-3,594
A2-03,Section 3,3,-3,595
A2-03,Section 3,3,-3,596
A2-03,Section 3,3,-3,597
A2-03,Section 3,3,-3,598
A2-03,Section 3,3,-3,599
A2-03,Section 3,3,-3,600
A2-03,Section 3,3,-3,601
A2-03,Section 3,3,-3,602
A2-03,Section 3,3,-3,603
A2-03,Section 3,3,-3,604
A2-03,Section 3,3,-3,605
A2-03,Section 3,3,-3,606
A2-03,Section 3,3,-3,607
A2-03,Section 3,3,-3,608
A2-03,Section 3,3,-3,609
A2-03,Section 3,3,-3,610
A2-03,Section 3,3,-3,611
A2-03,Section 3,3,-3,612
A2-03,Section 3,3,-3,613
A2-03,Section 3,3,-3,614
A2-03,Section 3,3,-3,615
A2-03,Section 3,3,-3,616
A2-03,Section 3,3,-3,617
A2-03,Section 3,3,-3,618
A2-03,Section 3,3,-3,619
A2-03,Section 3,3,-3,620
A2-03,Section 3,3,-3,621
A2-03,Section 3,3,-3,622
A2-03,Section 3,3,-3,623
A2-03,Section 3,3,-3,624
A2-03,Section 3,3,-3,625
A2-03,Section 3,3,-3,626
A2-03,Section 3,3,-3,627
A2-03,Section 3,3,-3,628
A2-03,Section 3,3,-3,629
A2-03,Section 3,3,-3,630
A2-03,Section 3,3,-3,631
A2-03,Section 3,3,-3,632
A2-03,Section 3,3,-3,633
A2-03,Section 3,3,-3,634
A2-03,Section 3,3,-3,635
A2-03,Section 3,3,-3,636
A2-03,Section 3,3,-3,637
A2-03,Section 3,3,-3,638
A2-03,Section 3,3,0,639
A2-03,Section 3,3,0,640
A2-03,Section 3,3,0,641
A2-03,Section 3,3,0,642
A2-03,Section 3,3,0,643
A2-03,Section 3,3,0,644
A2-03,Section 3,3,0,645
A2-03,Section 3,3,0,646
A2-03,Section 3,3,0,647
A2-03,Section 3,3,0,648
A2-03,Section 3,3,0,649
A2-03,Section 3,3,0,650
A2-03,Section 3,3,0,651
A2-03,Section 3,3,0,652
A2-03,Section 3,3,0,653
A2-03,Section 3,3,0,654
A2-03,Section 3,3,0,655
A2-03,Section 3,3,0,656
A2-03,Section 3,3,0,657
A2-03,Section 3,3,0,658
A2-03,Section 3,3,0,659
A2-03,Section 3,3,0,660
A2-03,Section 3,3,0,661
A2-03,Section 3,3,0,662
A2-03,Section 3,3,0,663
A2-03,Section 3,3,0,664
A2-03,Section 3,3,0,665
A2-03,Section 3,3,0,666
A2-03,Section 3,3,0,667
A2-03,Section 3,3,0,668
A2-03,Section 3,3,0,669
A2-03,Section 3,3,0,670
A2-03,Section 3,3,0,671
A2-03,Section 3,3,0,672
A2-03,Section 3,3,0,673
A2-03,Section 3,3,0,674
A2-03,Section 3,3,0,675
A2-03,Section 3,3,0,676
A2-03,Section 3,3,0,677
A2-03,Section 3,3,0,678
A2-03,Section 3,3,0,679
A2-03,Section 3,3,0,680
A2-03,Section 3,3,0,681
A2-03,Section 3,3,0,682
A2-03,Section 3,3,0,683
A2-03,Section 3,3,0,684
A2-03,Section 3,3,0,685
A2-03,Section 3,3,0,686
A2-03,Section 3,3,0,687
A2-03,Section 3,3,0,688
A2-03,Section 3,3,0,689
A2-03,Section 3,3,0,690
A2-03,Section 3,3,0,691
A2-03,Section 3,3,0,692
A2-03,Section 3,3,0,693
A2-03,Section 3,3,0,694
A2-03,Section 3,3,0,695
A2-03,Section 3,3,0,696
A2-03,Section 3,3,0,697
A2-03,Section 3,3,0,698
A2-03,Section 3,3,0,699
A2-03,Section 3,3,0,700
